Line Item,Y1,Y2,Y3,Y4,Y5
REVENUE,,,,
BluePrint Subscriptions,180000,630000,1710000,5040000,8100000
Copilot / AI Usage,9000,97000,405000,1260000,2430000
VAULTED (Marketplace),587500,1960000,3970000,7200000,12015000
Developer Programs,700000,2100000,4320000,7500000,12000000
Franchise,0,85000,276000,508000,808000
Academy & Services,50000,120000,280000,500000,575000
TOTAL REVENUE,1526500,4992000,10961000,21808000,35928000
,,,,
COST OF GOODS SOLD,,,,
BluePrint COGS,27000,88200,222300,604800,972000
Copilot COGS,3600,36800,141750,403200,729000
VAULTED COGS,58750,196000,397000,720000,1201500
Developer COGS,210000,630000,1296000,2250000,3600000
Franchise COGS,0,21250,69000,127000,202000
Academy COGS,17500,42000,98000,175000,201250
TOTAL COGS,317450,1014250,2223950,4279800,7105750
GROSS PROFIT,1209050,3977750,8737050,17528200,28822250
Gross Margin %,79%,80%,80%,80%,80%
,,,,
OPERATING EXPENSES,,,,
Salaries & Benefits,300000,525000,870000,1380000,1910000
Infrastructure,45000,70000,120000,200000,300000
Legal & Compliance,40000,50000,75000,100000,150000
Marketing,30000,60000,120000,250000,400000
Travel & Events,20000,40000,80000,150000,250000
Office & Miscellaneous,30000,40000,60000,100000,150000
TOTAL OPEX,465000,785000,1325000,2180000,3160000
,,,,
EBITDA,744050,3192750,7412050,15348200,25662250
EBITDA %,49%,64%,68%,70%,71%
,,,,
Depreciation & Amortization,20000,30000,40000,50000,60000
EBIT,724050,3162750,7372050,15298200,25602250
,,,,
Interest Expense,0,0,0,0,0
EBT (Earnings Before Tax),724050,3162750,7372050,15298200,25602250
,,,,
Taxes (25%),181012.5,790687.5,1843012.5,3824550,6400562.5
NET INCOME,543037.5,2372062.5,5529037.5,11473650,19201687.5
Net Margin %,36%,48%,50%,53%,53%
