Metric,Y1,Y2,Y3,Y4,Y5,Target / Benchmark
GROWTH & SCALE,,,,,,
Revenue Growth YoY,N/A,227%,119%,99%,65%,>50%
BluePrint Organizations,50,150,350,850,1500,Adoption curve
BluePrint Avg Price (Monthly),300,350,380,420,450,ARPU growth
VAULTED GMV,75000000,250000000,500000000,900000000,1500000000,Network scaling
Developer Projects (active),1,3,6,10,15,Supply scaling
Franchises (cumulative),0,1,3,6,10,Quality >Quantity
,,,,,,
UNIT ECONOMICS,,,,,,
BluePrint CAC (est.),350,300,250,200,150,<$500
BluePrint LTV (36mo),3600,4500,5400,6600,7800,>$3000
BluePrint Payback (months),12,10,8,6,5,<12
LTV:CAC Ratio,10.3,15.0,21.6,33.0,52.0,>3
Churn Rate (monthly),4%,4%,3%,3%,2%,Declining
Expansion Revenue %,5%,12%,28%,40%,48%,Growing
,,,,,,
PROFITABILITY,,,,,,
Gross Margin %,79%,80%,80%,80%,80%,>75%
EBITDA,744050,3192750,7412050,15348200,25662250,Positive
EBITDA %,49%,64%,68%,70%,71%,>50% Y3+
Rule of 40 Score (Growth % + EBITDA %),227%+49%=276%,119%+64%=183%,119%+68%=187%,99%+70%=169%,65%+71%=136%,>40
Operating Leverage,Revenue 1.5x OPEX,Revenue 6.4x OPEX,Revenue 8.3x OPEX,Revenue 10x OPEX,Revenue 11x OPEX,Improving
,,,,,,
CASH FLOW,,,,,,
Operating Cash Flow,513037.5,2302062.5,5419037.5,11323650,19011687.5,Positive
Cash on Hand (EOY),743037.5,3245100,8534137.5,19667787.5,38429475,Never negative
Cash Runway (months),infinite,infinite,infinite,infinite,infinite,Safe
Free Cash Flow (Operating - Capex),393037.5,2202062.5,5289037.5,11133650,18761687.5,Positive
,,,,,,
VALUATION METRICS,,,,,,
Implied Val @ 3x ARR,4579500,14976000,32883000,65424000,107784000,Conservative
Implied Val @ 5x ARR,7632500,24960000,54805000,109040000,179640000,Moderate
Implied Val @ 10x ARR,15265000,49920000,109610000,218080000,359280000,Optimistic
Seed ROI @ 3x ARR (Cost: $650k),7.1x,23.1x,50.6x,100.7x,165.8x,$650k investment
Seed ROI @ 5x ARR,11.7x,38.4x,84.3x,167.8x,276.4x,$650k investment
Seed ROI @ 10x ARR,23.5x,76.8x,168.6x,335.5x,552.7x,$650k investment
