Revenue Stream,Y1,Y2,Y3,Y4,Y5
BluePrint Subscriptions,180000,630000,1710000,5040000,8100000
Copilot / AI Usage,9000,97000,405000,1260000,2430000
VAULTED Transactions,562500,1875000,3750000,6750000,11250000
VAULTED Add-ons (listings,memberships,data),25000,85000,220000,450000,765000
Developer Programs,700000,2100000,4320000,7500000,12000000
Franchise (royalties + fees),0,85000,276000,508000,808000
Academy & Services,50000,120000,280000,500000,575000
TOTAL REVENUE,1526500,4992000,10961000,21808000,35928000
COGS (blended 20%),305300,998400,2192200,4361600,7185600
GROSS PROFIT,1221200,3993600,8768800,17446400,28742400
Gross Margin %,80%,80%,80%,80%,80%
