Scenario,Conservative,Conservative,Conservative,Conservative,Conservative,Base,Base,Base,Base,Base,Optimistic,Optimistic,Optimistic,Optimistic,Optimistic
Metric / Year,Y1,Y2,Y3,Y4,Y5,Y1,Y2,Y3,Y4,Y5,Y1,Y2,Y3,Y4,Y5
KEY ASSUMPTIONS,,,,,,,,,,,,,,,
BluePrint Growth (annual),2.5x,2.5x,2.5x,2.5x,2.5x,3.0x,3.0x,3.0x,3.0x,3.0x,3.5x,3.5x,3.5x,3.5x,3.5x
Churn Rate (monthly),6%,6%,5%,5%,4%,4%,4%,3%,3%,2%,2%,2%,2%,2%,1%
VAULTED GMV,$50M,$200M,$400M,$700M,$750M,$75M,$250M,$500M,$900M,$1500M,$100M,$350M,$700M,$1200M,$2250M
Developer Projects,0.5,2,4,7,10,1,3,6,10,15,1.5,4,8,14,20
Franchises (EOY),0,0,1,3,5,0,1,3,6,10,0,2,4,8,15
OPEX Growth,2.0x,2.0x,1.8x,1.5x,1.5x,1.73x,1.73x,1.73x,1.65x,1.3x,1.5x,1.5x,1.4x,1.3x,1.2x
,,,,,,,,,,,,,,
REVENUE PROJECTIONS,,,,,,,,,,,,,,,
Y1 Revenue,$1200000,$1526500,$1900000
Y2 Revenue,$3200000,$4992000,$7200000
Y3 Revenue,$6500000,$10961000,$16500000
Y4 Revenue,$11200000,$21808000,$35200000
Y5 Revenue,$16800000,$35928000,$56800000
,,,,,,,,,,,,,,
PROFITABILITY,,,,,,,,,,,,,,,
Y1 EBITDA,$280000,$744050,$812000
Y1 EBITDA %,23%,49%,43%
Y3 EBITDA,$2100000,$7412050,$11200000
Y3 EBITDA %,32%,68%,68%
Y5 EBITDA,$7200000,$25662250,$40000000
Y5 EBITDA %,43%,71%,70%
,,,,,,,,,,,,,,
UNIT ECONOMICS,,,,,,,,,,,,,,,
Y5 BluePrint Orgs,900,1500,2100
Y5 BluePrint ARR,$4050000,$8100000,$12150000
Y5 Churn (monthly),4%,2%,1%
Y5 LTV:CAC,8:1,52:1,70:1
Y5 Expansion Revenue %,30%,48%,60%
,,,,,,,,,,,,,,
CASH FLOW,,,,,,,,,,,,,,,
Cumulative Operating CF (5yr),$15200000,$30250000,$48000000
Cash on Hand (Y5),$14900000,$38429475,$47500000
Burn out risk?,No,No,No
,,,,,,,,,,,,,,
EXIT SCENARIOS (5-Year),,,,,,,,,,,,,,,
Valuation @ 5x ARR,$84000000,$179640000,$284000000
Investor Return (for $650k seed),129x,276x,437x
Valuation @ 10x ARR,$168000000,$359280000,$568000000
Investor Return (for $650k seed),258x,553x,874x
,,,,,,,,,,,,,,
PROBABILITY ASSESSMENT,,,,,,,,,,,,,,,
Likelihood (subjective),25%,50%,25%
Weighted Valuation @ 10x,42M,180M,142M,Total: 364M
Weighted Investor Return (10x),65x,553x,219x,Blended: 326x
