OPEX Category,Y1,Y2,Y3,Y4,Y5,FTE Growth
Founder/CEO Salary,60000,75000,100000,130000,160000,1.0
Product Manager,0,40000,100000,120000,140000,0-1.0
Engineers,120000,240000,450000,700000,1050000,1.5-6
Customer Success,50000,100000,200000,350000,500000,0.5-4
Sales & Business Development,0,70000,120000,200000,300000,0-2
Finance & Administration,40000,80000,120000,180000,250000,0.5-2
Other / Contractors,30000,50000,80000,100000,120000,Variable
Platform & Infrastructure,45000,70000,120000,200000,300000,Tools
Legal & Compliance,40000,50000,75000,100000,150000,Contracts
Marketing,30000,60000,120000,250000,400000,Growth
Travel & Events,20000,40000,80000,150000,250000,Expansion
Office & Miscellaneous,30000,40000,60000,100000,150000,Operations
TOTAL OPEX,465000,685000,1405000,2480000,3870000
